cycle,name;location.x,location.y,location.z,index,name,speed,real_speed,current_edge,destination,heading,current_path,current_target,max_capacity,capacity,total_cycle,mySpeed,count_comeback,count_comeback_notfull,count_comeback_full,max_comeback,max_total_cycle
2600truck0,9474.818162573501,7244.801692321897,0.0,0,truck0,1.0,0.0,nil,{9475.15446305196,7243.8599375830245,0.0},289.6516387813188,nil,nil,12000,0,2556,47.19852046944643,294,289,5,5,1000
2600truck1,9474.818162573501,7244.801692321897,0.0,1,truck1,1.0,#nan,road(715),{9475.15446305196,7243.8599375830245,0.0},289.6516387813188,([road(19),road(47),road(217),road(272),road(490),road(489),road(488),road(216),road(14),road(41),road(15),road(425),road(426),road(439),road(440),road(246),road(428),road(429),road(227),road(516),road(279),road(11),road(74),road(371),road(372),road(85),road(70),road(77),road(75),road(366),road(663),road(666),road(608),road(607),road(588),road(727),road(728),road(706),road(299),road(651),road(652),road(385),road(99),road(100),road(624),road(714),road(715),road(339)]) as path,nil,12000,0,2556,43.09774309472217,5,1,4,5,1000
2600truck2,9474.818162573501,7244.801692321897,0.0,2,truck2,1.0,0.0,nil,{9475.15446305196,7243.8599375830245,0.0},289.6516387813188,nil,nil,12000,0,2556,43.66788530912489,25,20,5,5,1000
2600truck3,9474.818162573501,7244.801692321897,0.0,3,truck3,1.0,0.0,nil,{9475.15446305196,7243.8599375830245,0.0},289.6516387813188,nil,nil,9000,0,2556,47.03979044399769,261,256,5,5,1000
2600truck4,9474.818162573501,7244.801692321897,0.0,4,truck4,1.0,0.0,nil,{9475.15446305196,7243.8599375830245,0.0},289.6516387813188,nil,nil,9000,0,2556,52.59466510934351,77,71,6,5,1000
2600truck5,9474.818162573501,7244.801692321897,0.0,5,truck5,1.0,0.0,nil,{9475.15446305196,7243.8599375830245,0.0},289.6516387813188,nil,nil,4000,0,2556,51.7524725444758,97,91,6,5,1000
