cycle,name;location.x,location.y,location.z,name,index,current_path,destination,current_edge,real_speed,speed,heading,current_target,max_capacity,capacity,total_cycle,mySpeed,count_comeback,count_comeback_notfull,count_comeback_full,max_comeback,max_total_cycle,total_distance,old_path
1693truck0,9474.818162573501,7244.801692321897,0.0,truck0,0,nil,{9475.15446305196,7243.8599375830245,0.0},nil,0.0,1.0,289.6516387813188,nil,12000,0,1517,41.152430825609876,3,1,2,5,1000,61792,road(715)
1693truck1,9474.818162573501,7244.801692321897,0.0,truck1,1,nil,{9475.15446305196,7243.8599375830245,0.0},nil,0.0,1.0,289.6516387813188,nil,12000,0,1536,44.02556945118898,3,1,2,5,1000,67345,road(715)
1693truck2,9474.818162573501,7244.801692321897,0.0,truck2,2,nil,{9475.15446305196,7243.8599375830245,0.0},nil,0.0,1.0,289.6516387813188,nil,12000,0,1531,44.868686547614466,3,1,2,5,1000,67264,road(715)
1693truck3,9474.818162573501,7244.801692321897,0.0,truck3,3,nil,{9475.15446305196,7243.8599375830245,0.0},nil,0.0,1.0,289.6516387813188,nil,9000,0,1303,49.336445922996724,3,0,3,5,1000,62816,road(715)
1693truck4,9474.818162573501,7244.801692321897,0.0,truck4,4,nil,{9475.15446305196,7243.8599375830245,0.0},nil,0.0,1.0,289.6516387813188,nil,9000,0,1494,45.23647547277644,3,0,3,5,1000,66063,road(715)
1693truck5,9474.818162573501,7244.801692321897,0.0,truck5,5,([road(543),road(481),road(194),road(17),road(151),road(150),road(15),road(425),road(426),road(439),road(440),road(246),road(428),road(429),road(227),road(516),road(279),road(11),road(74),road(371),road(372),road(85),road(70),road(77),road(75),road(366),road(663),road(666),road(608),road(607),road(588),road(727),road(728),road(706),road(299),road(651),road(652),road(385),road(99),road(100),road(624),road(714),road(715),road(339)]) as path,{9475.15446305196,7243.8599375830245,0.0},road(715),#nan,1.0,289.6516387813188,nil,4000,0,1636,53.82285804924088,4,1,3,5,1000,86539,road(715)
